{"cameraMode":{"drawMode":0,"name":"Shaded","section":"Shading Mode"},"sceneLighting":false,"audioPlay":false,"sceneViewState":{"m_AlwaysRefresh":false,"showFog":true,"showSkybox":false,"showFlares":true,"showImageEffects":true,"showParticleSystems":true,"showVisualEffectGraphs":true,"m_FxEnabled":true},"in2DMode":false,"pivot":{"x":0.004021406173706055,"y":0.7999999523162842,"z":0.05236858129501343},"rotation":{"x":0.029986847192049028,"y":-0.8494333028793335,"z":0.04855945333838463,"w":0.524651288986206},"size":1.099578857421875,"orthographic":false}