{"cameraMode":{"drawMode":0,"name":"Shaded","section":"Shading Mode"},"sceneLighting":true,"audioPlay":false,"sceneViewState":{"m_AlwaysRefresh":false,"showFog":true,"showSkybox":true,"showFlares":true,"showImageEffects":true,"showParticleSystems":true,"showVisualEffectGraphs":true,"m_FxEnabled":true},"in2DMode":false,"pivot":{"x":8.286049842834473,"y":2.557652711868286,"z":-140.42201232910157},"rotation":{"x":0.05128370225429535,"y":-0.011988871730864048,"z":0.0006129756802693009,"w":0.9986205697059631},"size":7.717885494232178,"orthographic":false}