{"cameraMode":{"drawMode":0,"name":"Shaded","section":"Shading Mode"},"sceneLighting":false,"audioPlay":false,"sceneViewState":{"m_AlwaysRefresh":false,"showFog":false,"showSkybox":false,"showFlares":false,"showImageEffects":false,"showParticleSystems":false,"showVisualEffectGraphs":true,"m_FxEnabled":true},"in2DMode":false,"pivot":{"x":0.0002161264419555664,"y":0.9982448816299439,"z":-0.02717915177345276},"rotation":{"x":-0.00236645364202559,"y":0.9974830746650696,"z":-0.04042039439082146,"w":-0.05840873345732689},"size":1.4020885229110718,"orthographic":false}