{"cameraMode":{"drawMode":0,"name":"Shaded","section":"Shading Mode"},"sceneLighting":false,"audioPlay":false,"sceneViewState":{"m_AlwaysRefresh":false,"showFog":true,"showSkybox":false,"showFlares":true,"showImageEffects":true,"showParticleSystems":true,"showVisualEffectGraphs":true,"m_FxEnabled":true},"in2DMode":false,"pivot":{"x":0.20086906850337983,"y":-0.03380894660949707,"z":0.7677910923957825},"rotation":{"x":0.22194555401802064,"y":-0.004393052309751511,"z":0.0009969874517992139,"w":0.9750587344169617},"size":2.58638596534729,"orthographic":false}