{"cameraMode":{"drawMode":0,"name":"Shaded","section":"Shading Mode"},"sceneLighting":false,"audioPlay":false,"sceneViewState":{"m_AlwaysRefresh":false,"showFog":true,"showSkybox":false,"showFlares":true,"showImageEffects":true,"showParticleSystems":true,"showVisualEffectGraphs":true,"m_FxEnabled":true},"in2DMode":false,"pivot":{"x":-4.656612873077393e-10,"y":0.01558985561132431,"z":1.862645149230957e-9},"rotation":{"x":-0.014690108597278595,"y":0.0029950218740850689,"z":0.00004127571082790382,"w":0.9998961091041565},"size":0.017677024006843568,"orthographic":false}